Timestamp,transaction_name,transaction_duration,transaction_id,transaction_type,span_name,span_duration,span_subtype,span_id
2025-01-02T00:00:00.092Z,ping dummydb,624,58265d8827bec8c9,unknown,,0,,
2025-01-02T00:00:01.219Z,ping dummydb,499,8f5f76a935871345,unknown,,0,,
2025-01-02T00:00:01.290Z,GET /actuator/health/**,1173,60f07b92ca4f9622,unknown,,0,,
2025-01-02T00:00:01.290Z,GET /actuator/health/**,1150,6860c709b6154d77,unknown,,0,,
2025-01-02T00:00:02.004Z,GET,1659,151554d973c7a0f5,request,,0,,
2025-01-02T00:00:02.004Z,,0,,,play.request,169,internal,app
2025-01-02T00:00:02.126Z,POST,1144,8476f19bce4c7a23,unknown,,0,,
2025-01-02T00:00:02.472Z,ping dummydb,392,cb0a27de8b6f161e,unknown,,0,,
2025-01-02T00:00:03.403Z,POST,1456,123dc8bd7f5a6692,unknown,,0,,
2025-01-02T00:00:03.869Z,GET,1243,b34d019565ed3c2f,unknown,,0,,
2025-01-02T00:00:04.721Z,update ivacamdb.QRTZ_schedulers,6190,2832105d20edf077,unknown,,0,,
2025-01-02T00:00:05.125Z,POST,1068,17983ab533a0f277,unknown,,0,,
2025-01-02T00:00:05.384Z,GET,565,4b37a197a12ed063,unknown,,0,,
2025-01-02T00:00:05.783Z,CONNECT,5004787,badec4c7c5884baf,unknown,,0,,
2025-01-02T00:00:06.396Z,update ivacamdb.QRTZ_schedulers,2649,8dd42e2f25798458,unknown,,0,,
2025-01-02T00:00:06.449Z,update ivacamdb.QRTZ_schedulers,178606,daa325a35793c8b8,unknown,,0,,
2025-01-02T00:00:08.125Z,POST,963,1018fc652bffbb54,unknown,,0,,
2025-01-02T00:00:09.597Z,GET,1286,5b8b0ff944b45786,unknown,,0,,
2025-01-02T00:00:09.661Z,CONNECT,5005881,42bc3d6049390e8d,unknown,,0,,
2025-01-02T00:00:10.093Z,ping dummydb,725,3397f154bcc5c801,unknown,,0,,
2025-01-02T00:00:11.125Z,POST,706,cb3ab2bd4454eb89,unknown,,0,,
2025-01-02T00:00:11.207Z,CONNECT,5005625,cefe9bd4af3b42ad,unknown,,0,,
2025-01-02T00:00:11.219Z,ping dummydb,531,602e5fd0217add67,unknown,,0,,
2025-01-02T00:00:12.005Z,GET,4313,258bbf8230b0416e,request,,0,,
2025-01-02T00:00:12.006Z,,0,,,play.request,448,internal,app
2025-01-02T00:00:12.472Z,ping dummydb,491,6527bb11e443205b,unknown,,0,,
2025-01-02T00:00:13.869Z,GET,1422,3f75f25d40749e2d,unknown,,0,,
2025-01-02T00:00:14.126Z,POST,954,c853908585d38575,unknown,,0,,
2025-01-02T00:00:14.722Z,update ivacamdb.QRTZ_schedulers,8078,4ed28dd6c71253e3,unknown,,0,,
2025-01-02T00:00:15.384Z,GET,587,552109c11335d1da,unknown,,0,,
2025-01-02T00:00:16.253Z,CONNECT,5005601,54d69e79f84cf8b5,unknown,,0,,
2025-01-02T00:00:16.396Z,update ivacamdb.QRTZ_schedulers,3138,71a503567c806719,unknown,,0,,
2025-01-02T00:00:17.125Z,POST,988,be0927b4d6cb7237,unknown,,0,,
2025-01-02T00:00:17.408Z,POST,1591,7174967775c95a02,unknown,,0,,
2025-01-02T00:00:19.481Z,aggregate ivacamdb.QRTZ_triggers,1112,eba2af8e8c9684bf,unknown,,0,,
2025-01-02T00:00:19.482Z,find ivacamdb.QRTZ_triggers,619,4f99c3dd5dd5082a,unknown,,0,,
2025-01-02T00:00:19.597Z,GET,1042,b811f2a220ac246d,unknown,,0,,
2025-01-02T00:00:19.851Z,GET /actuator/health/**,888,8b3fa5cbffb952bf,unknown,,0,,
2025-01-02T00:00:19.858Z,find ivacamdb.QRTZ_triggers,841,a62c6e5447ff192e,unknown,,0,,
2025-01-02T00:00:19.865Z,GET /actuator/health/**,842,916e63078e5de7a0,unknown,,0,,
2025-01-02T00:00:20.092Z,ping dummydb,639,0b595e3b7162a352,unknown,,0,,
2025-01-02T00:00:20.126Z,POST,996,b39a675ff8fa0cc1,unknown,,0,,
2025-01-02T00:00:21.219Z,ping dummydb,515,0580d27539e3cd15,unknown,,0,,
2025-01-02T00:00:21.297Z,GET /actuator/health/**,1136,3fdfeeca3d487c02,unknown,,0,,
2025-01-02T00:00:21.297Z,GET /actuator/health/**,984,5588c97d3bd9a34d,unknown,,0,,
2025-01-02T00:00:22.006Z,,0,,,play.request,186,internal,app
2025-01-02T00:00:22.006Z,GET,1854,92483912be9d0c7d,request,,0,,
2025-01-02T00:00:22.472Z,ping dummydb,432,47a2709c4ad6590f,unknown,,0,,
2025-01-02T00:00:23.125Z,POST,1085,baa49da7a1b9bbad,unknown,,0,,
2025-01-02T00:00:23.870Z,GET,1171,47e8b777a9a4906f,unknown,,0,,
2025-01-02T00:00:24.722Z,update ivacamdb.QRTZ_schedulers,6391,b56b0e9867737cef,unknown,,0,,
2025-01-02T00:00:25.384Z,GET,545,c5aa17480ad1b38b,unknown,,0,,
2025-01-02T00:00:26.126Z,POST,903,d2331426752da423,unknown,,0,,
2025-01-02T00:00:26.396Z,update ivacamdb.QRTZ_schedulers,3587,92a8a1e85e0f7ae0,unknown,,0,,
2025-01-02T00:00:28.904Z,POST,574,1f7a571771b28ec5,unknown,,0,,
2025-01-02T00:00:29.126Z,POST,864,c62a7e97f29f5543,unknown,,0,,
2025-01-02T00:00:29.597Z,GET,600,7ef460d12f86521d,unknown,,0,,
2025-01-02T00:00:30.093Z,ping dummydb,640,67bf527d3c1a7590,unknown,,0,,
2025-01-02T00:00:31.219Z,ping dummydb,482,6542b62959fb1f44,unknown,,0,,
2025-01-02T00:00:31.287Z,https://raw.githubusercontent.com/vhtiot/vhomeevent/main/default.json,408368,54f6c973f80bff8a,request,,0,,
2025-01-02T00:00:31.384Z,https://vcloudapi.innoway.vn/api/devices/vhome/share/list,97654,3df1148cfb827240,request,,0,,
2025-01-02T00:00:31.402Z,https://vcloudapi.innoway.vn/api/events?org_id=85f653ca-ca41-4f13-a026-47451566a574,80182,722caf4e9ff942c4,request,,0,,
2025-01-02T00:00:31.426Z,https://vcloudapi.innoway.vn/api/devices/vhome?expand=true,136465,d62097542265da18,request,,0,,
2025-01-02T00:00:31.430Z,,0,,,GET,130421,,unknown
2025-01-02T00:00:31.451Z,,0,,,GET,164715,,unknown
2025-01-02T00:00:31.451Z,https://vcloudapi.innoway.vn/api/devices/vhome?org_id=85f653ca-ca41-4f13-a026-47451566a574&expand=true,205325,76c6bdb19798aa07,request,,0,,
2025-01-02T00:00:31.454Z,,0,,,GET,199347,,unknown
2025-01-02T00:00:31.484Z,https://vcloudapi.innoway.vn/api/devices/favorite/list?org_id=85f653ca-ca41-4f13-a026-47451566a574,149672,a217f0abaf10045d,request,,0,,
2025-01-02T00:00:31.486Z,https://vcloudapi.innoway.vn/api/vhome/link/weather/current?lat=21.06760505147824&lon=105.81128756516308,130391,5af9aa4163d05140,request,,0,,
2025-01-02T00:00:31.488Z,,0,,,GET,143226,,unknown
2025-01-02T00:00:31.489Z,POST,219157,debbecf5fc81a5e7,unknown,,0,,
2025-01-02T00:00:31.490Z,,0,,,GET,123623,,unknown
2025-01-02T00:00:31.509Z,,0,,,GET,184774,,unknown
2025-01-02T00:00:31.566Z,https://vcloudapi.innoway.vn/api/vhome/link/weather/current?lat=21.06760505147824&lon=105.81128756516308,97620,3dc865772d26671f,request,,0,,
2025-01-02T00:00:31.569Z,,0,,,GET,91942,,unknown
2025-01-02T00:00:31.621Z,,0,,,POST,98080,,unknown
2025-01-02T00:00:31.621Z,https://vcloudapi.innoway.vn/api/devices/vhome/share/list,99011,e053ef09c8a76701,request,,0,,
2025-01-02T00:00:31.622Z,,0,,,POST,86538,,unknown
2025-01-02T00:00:31.622Z,https://vcloudapi.innoway.vn/api/devices/vhome/share/list,87816,42bb64a059d62be1,request,,0,,
2025-01-02T00:00:31.643Z,,0,,,GET,76965,,unknown
2025-01-02T00:00:31.663Z,https://vcloudapi.innoway.vn/api/vhome/link/weather/current?lat=21.06760505147824&lon=105.81128756516308,79530,1a3222e478d2a7ee,request,,0,,
2025-01-02T00:00:31.666Z,,0,,,GET,73644,,unknown
2025-01-02T00:00:31.668Z,https://vcloudapi.innoway.vn/api/devices/favorite/list?org_id=85f653ca-ca41-4f13-a026-47451566a574,85085,3a159a715350ce17,request,,0,,
2025-01-02T00:00:31.670Z,,0,,,GET,80588,,unknown
2025-01-02T00:00:31.713Z,https://vcloudapi.innoway.vn/api/devices/favorite/list?org_id=85f653ca-ca41-4f13-a026-47451566a574,117146,e249ecc3143d5434,request,,0,,
2025-01-02T00:00:31.715Z,,0,,,GET,109772,,unknown
2025-01-02T00:00:31.720Z,POST,51567,c6a8dae34fd40455,unknown,,0,,
2025-01-02T00:00:32.003Z,GET,1942,ed6a1b57230fd1d4,request,,0,,
2025-01-02T00:00:32.003Z,,0,,,play.request,181,internal,app
2025-01-02T00:00:32.125Z,POST,623,63668b63e1b07047,unknown,,0,,
2025-01-02T00:00:32.471Z,ping dummydb,424,7698dfa052c08783,unknown,,0,,
2025-01-02T00:00:33.525Z,,0,,,POST,117492,,unknown
2025-01-02T00:00:33.525Z,https://vcloudapi.innoway.vn/api/devices/vhome/orgs,118466,699bdc27564b1fad,request,,0,,
2025-01-02T00:00:33.761Z,https://open.camera.thingplus.vn/api/lapp/camera/list,482487,0e43ae8d5fb4e9b0,request,,0,,
2025-01-02T00:00:33.762Z,,0,,,POST,3356,,unknown
2025-01-02T00:00:33.865Z,,0,,,POST,377521,,unknown
2025-01-02T00:00:33.870Z,GET,1326,eaaeb4c74862bea3,unknown,,0,,
2025-01-02T00:00:34.721Z,update ivacamdb.QRTZ_schedulers,5734,2248d43f6ba64f16,unknown,,0,,
2025-01-02T00:00:35.125Z,POST,4722,9b901e424d31148d,unknown,,0,,
2025-01-02T00:00:35.384Z,GET,570,95c257409dbf87ee,unknown,,0,,
2025-01-02T00:00:36.046Z,,0,,,POST,57694,,unknown
2025-01-02T00:00:36.046Z,https://vcloudapi.innoway.vn/api/pricing/payment/cloud/list,58998,17ff9099f0975b5b,request,,0,,
2025-01-02T00:00:36.396Z,update ivacamdb.QRTZ_schedulers,2557,e9232bb7833848c7,unknown,,0,,
2025-01-02T00:00:38.125Z,POST,980,97cbb824420de71b,unknown,,0,,
2025-01-02T00:00:39.597Z,GET,1636,deec485cd3220499,unknown,,0,,
2025-01-02T00:00:39.845Z,GET /actuator/health/**,960,ac94fd3179ce2261,unknown,,0,,
2025-01-02T00:00:39.860Z,GET /actuator/health/**,1120,e126854718c781a1,unknown,,0,,
2025-01-02T00:00:40.092Z,ping dummydb,569,5271a77bcada5cc5,unknown,,0,,
2025-01-02T00:00:40.579Z,POST,1458,3aec647c5ef066f1,unknown,,0,,
2025-01-02T00:00:41.125Z,POST,1014,b354273a2117b3ca,unknown,,0,,
2025-01-02T00:00:41.219Z,ping dummydb,812,29474b04a7f01b9f,unknown,,0,,
2025-01-02T00:00:41.302Z,GET /actuator/health/**,1193,9e784714196f2647,unknown,,0,,
2025-01-02T00:00:41.303Z,GET /actuator/health/**,1008,04ea701cfd4af8f4,unknown,,0,,
2025-01-02T00:00:42.004Z,GET,2915,dccc48ccd44f6ffe,request,,0,,
2025-01-02T00:00:42.004Z,,0,,,play.request,300,internal,app
2025-01-02T00:00:42.472Z,ping dummydb,440,3ce1a7b524f63294,unknown,,0,,
2025-01-02T00:00:43.869Z,GET,1454,0a228c4c51bf68f1,unknown,,0,,
2025-01-02T00:00:44.126Z,POST,876,cff470dd31c1b199,unknown,,0,,
2025-01-02T00:00:44.681Z,aggregate ivacamdb.QRTZ_triggers,1015,13d4feb297dfe0f2,unknown,,0,,
2025-01-02T00:00:44.682Z,find ivacamdb.QRTZ_triggers,703,e406494fbccbf2e9,unknown,,0,,
2025-01-02T00:00:44.721Z,update ivacamdb.QRTZ_schedulers,5537,237b4f44eeaa3e8f,unknown,,0,,
2025-01-02T00:00:45.335Z,find ivacamdb.QRTZ_triggers,1134,5486a4f1ab1a4a8c,unknown,,0,,
2025-01-02T00:00:45.384Z,GET,550,e9b3bf1a3636cd6b,unknown,,0,,
2025-01-02T00:00:46.396Z,update ivacamdb.QRTZ_schedulers,3150,586cd2f8f80b0e30,unknown,,0,,
2025-01-02T00:00:46.449Z,update ivacamdb.QRTZ_schedulers,9138,0e2c598d9bb98fd2,unknown,,0,,
2025-01-02T00:00:47.126Z,POST,1031,ef3bdcb3c314f17a,unknown,,0,,
2025-01-02T00:00:49.597Z,GET,1231,5bbe26f31d0b74a9,unknown,,0,,
2025-01-02T00:00:50.092Z,ping dummydb,748,7ab9853d6bf27969,unknown,,0,,
2025-01-02T00:00:50.125Z,POST,926,5f222bf4a971f4ad,unknown,,0,,
2025-01-02T00:00:51.220Z,ping dummydb,417,3b56aee58e3525db,unknown,,0,,
2025-01-02T00:00:52.004Z,,0,,,play.request,163,internal,app
2025-01-02T00:00:52.004Z,GET,1723,9b88f6989a32a581,request,,0,,
2025-01-02T00:00:52.472Z,ping dummydb,440,76d9077d8e1631c6,unknown,,0,,
2025-01-02T00:00:53.126Z,POST,953,7713a2ebbdfcef62,unknown,,0,,
2025-01-02T00:00:53.869Z,GET,1398,6d8883cb684bb900,unknown,,0,,
2025-01-02T00:00:54.722Z,update ivacamdb.QRTZ_schedulers,5374,3ab5cdfca9958f7d,unknown,,0,,
2025-01-02T00:00:55.384Z,GET,526,a4995b0251945ce0,unknown,,0,,
2025-01-02T00:00:56.125Z,POST,577,483ddda8a8f849f7,unknown,,0,,
2025-01-02T00:00:56.192Z,POST,730,fbbb3b8e05bb58d5,unknown,,0,,
2025-01-02T00:00:56.396Z,update ivacamdb.QRTZ_schedulers,3100,f979c465044784dd,unknown,,0,,
2025-01-02T00:00:59.125Z,POST,976,9b27297a69178d88,unknown,,0,,
2025-01-02T00:00:59.597Z,GET,1592,a1025879c10f7c8b,unknown,,0,,
2025-01-02T00:00:59.852Z,GET /actuator/health/**,848,5c549b7f4878431e,unknown,,0,,
2025-01-02T00:00:59.866Z,GET /actuator/health/**,977,4bbfa0debe40b4a5,unknown,,0,,
2025-01-02T00:01:00.093Z,ping dummydb,713,40c3370767382834,unknown,,0,,
2025-01-02T00:01:01.219Z,ping dummydb,495,41c5379400aba3c2,unknown,,0,,
2025-01-02T00:01:01.288Z,GET /actuator/health/**,1133,cc2ecef70c99efa1,unknown,,0,,
2025-01-02T00:01:01.288Z,GET /actuator/health/**,1156,3e9fbdebea339cff,unknown,,0,,
2025-01-02T00:01:02.004Z,GET,1834,c37476acc3dbf420,request,,0,,
2025-01-02T00:01:02.004Z,,0,,,play.request,170,internal,app
2025-01-02T00:01:02.125Z,POST,972,bf68ef6d1d005c91,unknown,,0,,
2025-01-02T00:01:02.472Z,ping dummydb,430,ec30c78645e8ade6,unknown,,0,,
2025-01-02T00:01:03.869Z,GET,1382,358fd358d0185d2a,unknown,,0,,
2025-01-02T00:01:04.722Z,update ivacamdb.QRTZ_schedulers,7737,4d3013a15716a99d,unknown,,0,,
2025-01-02T00:01:05.125Z,POST,930,3708dd4716b5cc15,unknown,,0,,
2025-01-02T00:01:05.384Z,GET,627,7400f68fbb899929,unknown,,0,,
2025-01-02T00:01:05.779Z,GET,2103,f1b1e07f42b5dc66,unknown,,0,,
2025-01-02T00:01:06.396Z,update ivacamdb.QRTZ_schedulers,2773,b48915bb8912cbc9,unknown,,0,,
2025-01-02T00:01:06.634Z,POST,430,d88be66de3265d2b,unknown,,0,,
2025-01-02T00:01:08.125Z,POST,1045,f48271f29f6c5758,unknown,,0,,
2025-01-02T00:01:08.757Z,aggregate ivacamdb.QRTZ_triggers,1110,53c3ccd05978f3cd,unknown,,0,,
2025-01-02T00:01:08.759Z,find ivacamdb.QRTZ_triggers,507,a018104982a2f968,unknown,,0,,
2025-01-02T00:01:09.597Z,GET,1752,8b512a1bcfda618c,unknown,,0,,
2025-01-02T00:01:10.092Z,ping dummydb,639,c8d3f5313ffa206c,unknown,,0,,
2025-01-02T00:01:10.327Z,GET,628,af46cd79690b488c,unknown,,0,,
2025-01-02T00:01:10.788Z,CONNECT,5005780,805e9db9a2f56707,unknown,,0,,
2025-01-02T00:01:11.125Z,POST,872,8473b0c8a7c346e4,unknown,,0,,
2025-01-02T00:01:11.219Z,ping dummydb,498,1ced67aa9a8909f3,unknown,,0,,
2025-01-02T00:01:12.006Z,GET,8950,44a329f0ce12cdae,request,,0,,
2025-01-02T00:01:12.012Z,,0,,,play.request,491,internal,app
2025-01-02T00:01:12.471Z,ping dummydb,412,9e8320a335816b80,unknown,,0,,
2025-01-02T00:01:13.870Z,GET,1388,fcbd3ca8df94a6f7,unknown,,0,,
2025-01-02T00:01:14.125Z,POST,950,20802cc2438e3960,unknown,,0,,
2025-01-02T00:01:14.668Z,CONNECT,5005914,b42e91c44c9cd45b,unknown,,0,,
2025-01-02T00:01:14.721Z,update ivacamdb.QRTZ_schedulers,5137,f6150fd6ea53143f,unknown,,0,,
2025-01-02T00:01:14.723Z,find ivacamdb.QRTZ_triggers,795,121644bacf3d6002,unknown,,0,,
2025-01-02T00:01:15.384Z,GET,512,afbec6ce76b588b9,unknown,,0,,
2025-01-02T00:01:16.213Z,CONNECT,5002623,bb53ae95cce12d2f,unknown,,0,,
2025-01-02T00:01:16.396Z,update ivacamdb.QRTZ_schedulers,3081,156f4284ba8a4327,unknown,,0,,
2025-01-02T00:01:17.125Z,POST,1257,1d31bebbdf9fcb9e,unknown,,0,,
2025-01-02T00:01:18.107Z,POST,1537,d5893c000ea13667,unknown,,0,,
2025-01-02T00:01:19.597Z,GET,605,869696a912f315b2,unknown,,0,,
2025-01-02T00:01:19.853Z,GET /actuator/health/**,3473,0d26654a02b36b1f,unknown,,0,,
2025-01-02T00:01:19.867Z,GET /actuator/health/**,831,8a34ce1f19a0652a,unknown,,0,,
2025-01-02T00:01:20.092Z,ping dummydb,689,d62400dbeba45858,unknown,,0,,
2025-01-02T00:01:20.125Z,POST,997,2bf26a6d435f1d2c,unknown,,0,,
2025-01-02T00:01:21.219Z,ping dummydb,460,a1b60bda37c3c628,unknown,,0,,
2025-01-02T00:01:21.259Z,CONNECT,5005724,5767436bb38e9dae,unknown,,0,,
2025-01-02T00:01:21.294Z,GET /actuator/health/**,1092,cb9f3a7bfa28d6be,unknown,,0,,
2025-01-02T00:01:21.296Z,GET /actuator/health/**,1074,4f5343839c635fb5,unknown,,0,,
2025-01-02T00:01:22.003Z,,0,,,play.request,169,internal,app
2025-01-02T00:01:22.003Z,GET,1787,a0e147141bbf834a,request,,0,,
2025-01-02T00:01:22.472Z,ping dummydb,449,4096d5c962e3b43a,unknown,,0,,
2025-01-02T00:01:23.126Z,POST,1328,7827a435a34ec792,unknown,,0,,
2025-01-02T00:01:23.869Z,GET,1362,40a7e1050798c295,unknown,,0,,
2025-01-02T00:01:24.439Z,GET,457,5ea546b7bedb8cb8,unknown,,0,,
2025-01-02T00:01:24.721Z,update ivacamdb.QRTZ_schedulers,11983,06d9c0dc31e151de,unknown,,0,,
2025-01-02T00:01:25.384Z,GET,579,5de535144fca2fbc,unknown,,0,,
2025-01-02T00:01:26.125Z,POST,1028,0689d7c6d3a50b27,unknown,,0,,
2025-01-02T00:01:26.396Z,update ivacamdb.QRTZ_schedulers,3926,e11aabbeb0442adc,unknown,,0,,
2025-01-02T00:01:29.125Z,POST,824,c5fd4afc171043ec,unknown,,0,,
2025-01-02T00:01:29.597Z,GET,1525,22815b3ba07d4080,unknown,,0,,
2025-01-02T00:01:30.092Z,ping dummydb,570,e3c92d728d00ceff,unknown,,0,,
2025-01-02T00:01:31.219Z,ping dummydb,508,50387a26033202d7,unknown,,0,,
2025-01-02T00:01:32.004Z,GET,1723,c24f2ca74bb92eca,request,,0,,
2025-01-02T00:01:32.004Z,,0,,,play.request,169,internal,app
2025-01-02T00:01:32.125Z,POST,925,56e08054f8797003,unknown,,0,,
2025-01-02T00:01:32.472Z,ping dummydb,432,b4404bb1cca96018,unknown,,0,,
2025-01-02T00:01:33.869Z,GET,1478,1116e1d81467713c,unknown,,0,,
2025-01-02T00:01:34.644Z,POST,1100,3675b69e6f0aa52f,unknown,,0,,
2025-01-02T00:01:34.721Z,update ivacamdb.QRTZ_schedulers,5437,75732a7e5e85b9ca,unknown,,0,,
2025-01-02T00:01:35.126Z,POST,794,5ead8f3b916702a1,unknown,,0,,
2025-01-02T00:01:35.384Z,GET,475,18e7fcc16c7d6205,unknown,,0,,
2025-01-02T00:01:36.396Z,update ivacamdb.QRTZ_schedulers,2570,c7d536b3dd7a4762,unknown,,0,,
2025-01-02T00:01:37.964Z,aggregate ivacamdb.QRTZ_triggers,1047,266772d3a206e0f5,unknown,,0,,
2025-01-02T00:01:37.965Z,find ivacamdb.QRTZ_triggers,544,5e020619a9e6d3b9,unknown,,0,,
2025-01-02T00:01:38.125Z,POST,720,18ec1435e88a75f6,unknown,,0,,
2025-01-02T00:01:39.597Z,GET,1145,db6bfe76b747be13,unknown,,0,,
2025-01-02T00:01:39.858Z,GET /actuator/health/**,1194,0efb449eea51d056,unknown,,0,,
2025-01-02T00:01:39.871Z,GET /actuator/health/**,886,7f123987be9ddd28,unknown,,0,,
2025-01-02T00:01:40.092Z,ping dummydb,653,7a929171a4a685d0,unknown,,0,,
2025-01-02T00:01:41.125Z,POST,816,bda4640e0a2116e2,unknown,,0,,
2025-01-02T00:01:41.219Z,ping dummydb,524,0d510913d157fc61,unknown,,0,,
2025-01-02T00:01:41.293Z,GET /actuator/health/**,1253,3bc1ba186943fac3,unknown,,0,,
2025-01-02T00:01:41.293Z,GET /actuator/health/**,1450,3926c4d6b870e4c0,unknown,,0,,
2025-01-02T00:01:42.004Z,GET,4988,797d312f525236c9,request,,0,,
2025-01-02T00:01:42.005Z,,0,,,play.request,480,internal,app
2025-01-02T00:01:42.190Z,POST,537,1ea61a8c700206ee,unknown,,0,,
2025-01-02T00:01:42.472Z,ping dummydb,412,e10504813507794d,unknown,,0,,
2025-01-02T00:01:43.112Z,find ivacamdb.QRTZ_triggers,927,81d8ee5b65cadd08,unknown,,0,,
2025-01-02T00:01:43.870Z,GET,1589,ecf72bc3805901fe,unknown,,0,,
2025-01-02T00:01:44.126Z,POST,1141,67e36b216d199fce,unknown,,0,,
2025-01-02T00:01:44.721Z,update ivacamdb.QRTZ_schedulers,5227,646d372e95058e1a,unknown,,0,,
2025-01-02T00:01:45.384Z,GET,492,5135244287969f2e,unknown,,0,,
2025-01-02T00:01:46.396Z,update ivacamdb.QRTZ_schedulers,3564,a5f574937c5fdb4b,unknown,,0,,
2025-01-02T00:01:47.125Z,POST,906,c2fb54f0d3344b63,unknown,,0,,
2025-01-02T00:01:49.598Z,GET,1197,02db2cfb3e1fc639,unknown,,0,,
2025-01-02T00:01:50.092Z,ping dummydb,642,b65b671d9be0329e,unknown,,0,,
2025-01-02T00:01:50.125Z,POST,598,eed203e46852a47e,unknown,,0,,
2025-01-02T00:01:51.220Z,ping dummydb,459,3edeeeea9afe301a,unknown,,0,,
2025-01-02T00:01:52.002Z,,0,,,play.request,187,internal,app
2025-01-02T00:01:52.002Z,GET,1943,b7df88fd6f957c61,request,,0,,
2025-01-02T00:01:52.472Z,ping dummydb,433,ebdde2a3bcc176ad,unknown,,0,,
2025-01-02T00:01:53.125Z,POST,711,7dd69670c7aa1183,unknown,,0,,
2025-01-02T00:01:53.869Z,GET,1418,f67f8d2ec1443acb,unknown,,0,,
2025-01-02T00:01:54.722Z,update ivacamdb.QRTZ_schedulers,5414,c146668764d272f8,unknown,,0,,
2025-01-02T00:01:55.384Z,GET,712,46e606fa4b50d09b,unknown,,0,,
2025-01-02T00:01:56.126Z,POST,997,baf768fe7a437424,unknown,,0,,
2025-01-02T00:01:56.396Z,update ivacamdb.QRTZ_schedulers,2826,759f5a7630d685ac,unknown,,0,,
2025-01-02T00:01:57.234Z,POST,1362,a0d6144e083f6d57,unknown,,0,,
2025-01-02T00:01:59.125Z,POST,824,c4ea180b8986b975,unknown,,0,,
2025-01-02T00:01:59.597Z,GET,1097,40ca608b163d90f2,unknown,,0,,
2025-01-02T00:01:59.860Z,GET /actuator/health/**,934,a61fc5a28a4fbd6a,unknown,,0,,
2025-01-02T00:01:59.878Z,GET /actuator/health/**,872,c3befe837fb7b122,unknown,,0,,
2025-01-02T00:02:00.092Z,ping dummydb,683,79d07ea1d5b0d121,unknown,,0,,
2025-01-02T00:02:01.219Z,ping dummydb,486,f0d63fe8676254fa,unknown,,0,,
2025-01-02T00:02:01.297Z,GET /actuator/health/**,1294,addcb5958fde1584,unknown,,0,,
2025-01-02T00:02:01.297Z,GET /actuator/health/**,1340,3b7b88c3126d777d,unknown,,0,,
2025-01-02T00:02:02.004Z,GET,2283,23e3fb65e373144f,request,,0,,
2025-01-02T00:02:02.005Z,,0,,,play.request,293,internal,app
2025-01-02T00:02:02.125Z,POST,827,925968ee60d1f430,unknown,,0,,
2025-01-02T00:02:02.471Z,ping dummydb,431,a9a4881faf4a1464,unknown,,0,,
2025-01-02T00:02:03.869Z,GET,1664,cc2f71c7642068d4,unknown,,0,,
2025-01-02T00:02:04.721Z,update ivacamdb.QRTZ_schedulers,5154,4876f53ea3b5f366,unknown,,0,,
2025-01-02T00:02:05.125Z,POST,870,a3e4ed4302ac780e,unknown,,0,,
2025-01-02T00:02:05.168Z,aggregate ivacamdb.QRTZ_triggers,1023,b8cbd4a1609d2264,unknown,,0,,
2025-01-02T00:02:05.170Z,find ivacamdb.QRTZ_triggers,449,b883347de40189e1,unknown,,0,,
2025-01-02T00:02:05.384Z,GET,486,8100ea65002a86d1,unknown,,0,,
2025-01-02T00:02:06.396Z,update ivacamdb.QRTZ_schedulers,2882,7b9dfc7e494b7884,unknown,,0,,
2025-01-02T00:02:07.548Z,GET,10000434,7bd026a9e5509b4a,unknown,,0,,
2025-01-02T00:02:08.126Z,POST,915,e665a7e559aa4bfa,unknown,,0,,
2025-01-02T00:02:08.792Z,find ivacamdb.QRTZ_triggers,991,71c53ccdffec9478,unknown,,0,,
2025-01-02T00:02:09.597Z,GET,1467,08b15170e8ca5a99,unknown,,0,,
2025-01-02T00:02:10.093Z,ping dummydb,706,d1a44b430870ffb2,unknown,,0,,
2025-01-02T00:02:11.125Z,POST,897,cae8b785377be27f,unknown,,0,,
2025-01-02T00:02:11.219Z,ping dummydb,432,9248763ec15d6e2e,unknown,,0,,
2025-01-02T00:02:12.004Z,POST,1016,5e60205a17866283,unknown,,0,,
2025-01-02T00:02:12.005Z,GET,4728,c54399cbb9b19c25,request,,0,,
2025-01-02T00:02:12.006Z,,0,,,play.request,560,internal,app
2025-01-02T00:02:12.472Z,ping dummydb,460,78ba2cc816e27b57,unknown,,0,,
2025-01-02T00:02:13.870Z,GET,1279,c457a8e60c039671,unknown,,0,,
2025-01-02T00:02:14.125Z,POST,1326,7e778dd671435b14,unknown,,0,,
2025-01-02T00:02:14.722Z,update ivacamdb.QRTZ_schedulers,5888,6bec3808d0eeafdb,unknown,,0,,
2025-01-02T00:02:15.384Z,GET,781,b6e2e5c21cbace1d,unknown,,0,,
2025-01-02T00:02:15.795Z,CONNECT,5005562,3c0cd2ce6a6262c8,unknown,,0,,
2025-01-02T00:02:16.396Z,update ivacamdb.QRTZ_schedulers,3413,5e5440d1c68f938b,unknown,,0,,
2025-01-02T00:02:17.125Z,POST,1035,10f51fdeef4e3e9f,unknown,,0,,
2025-01-02T00:02:19.597Z,GET,846,bec6745d9c0a54f6,unknown,,0,,
2025-01-02T00:02:19.675Z,CONNECT,5005854,1845086a3a116508,unknown,,0,,
2025-01-02T00:02:19.847Z,GET /actuator/health/**,874,bb4e58cd7ca10e2c,unknown,,0,,
2025-01-02T00:02:19.861Z,GET /actuator/health/**,823,88974bacf2182983,unknown,,0,,
2025-01-02T00:02:20.092Z,ping dummydb,699,69faa08238e5eeff,unknown,,0,,
2025-01-02T00:02:20.125Z,POST,874,a5bbd2aad2aa1ac7,unknown,,0,,
2025-01-02T00:02:20.565Z,POST,614,2699fd389e419cbc,unknown,,0,,
2025-01-02T00:02:21.217Z,CONNECT,5005683,60beb3d310352181,unknown,,0,,
2025-01-02T00:02:21.219Z,ping dummydb,450,de4f6b9f1349d2de,unknown,,0,,
2025-01-02T00:02:21.305Z,GET /actuator/health/**,1240,c5ac43e4d3f4d951,unknown,,0,,
2025-01-02T00:02:21.305Z,GET /actuator/health/**,1262,df6b47e1f7fcb00e,unknown,,0,,
2025-01-02T00:02:22.004Z,,0,,,play.request,1261,internal,app
2025-01-02T00:02:22.004Z,GET,2831,59d245f6a299edf8,request,,0,,
2025-01-02T00:02:22.472Z,ping dummydb,392,d94c17f1e6175ca0,unknown,,0,,
2025-01-02T00:02:23.125Z,POST,4167,fb83d3f87f12acd2,unknown,,0,,
2025-01-02T00:02:23.869Z,GET,1433,d6c80ceb71b0f7d8,unknown,,0,,
2025-01-02T00:02:24.403Z,GET,10000319,2b06c75fa0e26145,unknown,,0,,
2025-01-02T00:02:24.722Z,update ivacamdb.QRTZ_schedulers,5548,c34b48943ee09700,unknown,,0,,
2025-01-02T00:02:25.385Z,GET,527,9a91068198149c89,unknown,,0,,
2025-01-02T00:02:26.125Z,POST,984,3901e72420ce0670,unknown,,0,,
2025-01-02T00:02:26.266Z,CONNECT,5005955,0b4145cb8cf5a8c4,unknown,,0,,
2025-01-02T00:02:26.396Z,update ivacamdb.QRTZ_schedulers,3608,02c870d0fc13257f,unknown,,0,,
2025-01-02T00:02:29.126Z,POST,856,5127efd36d841a7f,unknown,,0,,
2025-01-02T00:02:29.598Z,GET,1062,75ddb7ab70c56a47,unknown,,0,,
2025-01-02T00:02:30.092Z,ping dummydb,649,15abf69a89c644b3,unknown,,0,,
2025-01-02T00:02:30.671Z,aggregate ivacamdb.QRTZ_triggers,1270,144bbbd7569c3ff0,unknown,,0,,
2025-01-02T00:02:30.672Z,find ivacamdb.QRTZ_triggers,714,9c26fa869126f2db,unknown,,0,,
2025-01-02T00:02:31.219Z,ping dummydb,459,08e7a6a131d1f1be,unknown,,0,,
2025-01-02T00:02:32.004Z,GET,1709,ce3bdd3b69c4edf0,request,,0,,
2025-01-02T00:02:32.004Z,,0,,,play.request,180,internal,app
2025-01-02T00:02:32.045Z,aggregate ivacamdb.QRTZ_triggers,687,7c522fb0449d75bc,unknown,,0,,
2025-01-02T00:02:32.046Z,find ivacamdb.QRTZ_triggers,432,65a199ffe78c68f8,unknown,,0,,
2025-01-02T00:02:32.125Z,POST,884,7b2e3bbe6447bf24,unknown,,0,,
2025-01-02T00:02:32.334Z,POST,1400,765608eddc90dced,unknown,,0,,
2025-01-02T00:02:32.471Z,ping dummydb,449,687b3380df0bd6e2,unknown,,0,,
2025-01-02T00:02:32.835Z,GET,2119,a9d7bf0dd392ba32,unknown,,0,,
2025-01-02T00:02:33.869Z,GET,1676,42a4cbef9aabfc62,unknown,,0,,
2025-01-02T00:02:34.721Z,update ivacamdb.QRTZ_schedulers,5350,39856e3e97d37101,unknown,,0,,
2025-01-02T00:02:35.125Z,POST,938,d053cab0a2957c14,unknown,,0,,
2025-01-02T00:02:35.384Z,GET,554,f250598202d0bed0,unknown,,0,,
2025-01-02T00:02:35.526Z,find ivacamdb.QRTZ_triggers,1035,3972fb9b4928f003,unknown,,0,,
2025-01-02T00:02:35.550Z,GET,1305,e14228820b9a36b5,unknown,,0,,
2025-01-02T00:02:35.770Z,update ivacamdb.QRTZ_schedulers,8989,e26e19b23365dcde,unknown,,0,,
2025-01-02T00:02:36.396Z,update ivacamdb.QRTZ_schedulers,2998,79ba569e69dd7046,unknown,,0,,
2025-01-02T00:02:38.125Z,POST,881,ba83891fc48b255f,unknown,,0,,
2025-01-02T00:02:39.597Z,GET,1037,94fd1a1c145641af,unknown,,0,,
2025-01-02T00:02:39.846Z,GET /actuator/health/**,919,2f2ee13aaa89f2e3,unknown,,0,,
2025-01-02T00:02:39.862Z,GET /actuator/health/**,840,58a1cc7c10c6be71,unknown,,0,,
2025-01-02T00:02:40.092Z,ping dummydb,595,295eb8347db50dcd,unknown,,0,,
2025-01-02T00:02:41.126Z,POST,874,e8b679050af41ea2,unknown,,0,,
2025-01-02T00:02:41.219Z,ping dummydb,463,5ff38b378acd84dc,unknown,,0,,
2025-01-02T00:02:41.294Z,GET /actuator/health/**,1300,b09c570d4b21ab8b,unknown,,0,,
2025-01-02T00:02:41.294Z,GET /actuator/health/**,1326,11ca650004269a70,unknown,,0,,
2025-01-02T00:02:42.005Z,GET,4161,190e11cdc0eab838,request,,0,,
2025-01-02T00:02:42.006Z,,0,,,play.request,449,internal,app
2025-01-02T00:02:42.472Z,ping dummydb,488,aab26eec9e0dd7d9,unknown,,0,,
2025-01-02T00:02:43.869Z,GET,1358,85119dc346d423e9,unknown,,0,,
2025-01-02T00:02:44.126Z,POST,1192,2ae80b911eff3327,unknown,,0,,
2025-01-02T00:02:44.722Z,update ivacamdb.QRTZ_schedulers,5537,8e418d6a2fef5345,unknown,,0,,
2025-01-02T00:02:45.384Z,GET,542,a25c9ed3c5fa9b7b,unknown,,0,,
2025-01-02T00:02:46.396Z,update ivacamdb.QRTZ_schedulers,3491,c37d8deb75125976,unknown,,0,,
2025-01-02T00:02:47.126Z,POST,1059,e57993f6eb8c294e,unknown,,0,,
2025-01-02T00:02:49.597Z,GET,695,e0fd0fb2bdcfa1f6,unknown,,0,,
2025-01-02T00:02:50.093Z,ping dummydb,613,dfc80df61003d293,unknown,,0,,
2025-01-02T00:02:50.125Z,POST,1042,a6b69d914ad96acb,unknown,,0,,
2025-01-02T00:02:50.298Z,POST,1466,de7f004b4c1fc61e,unknown,,0,,
2025-01-02T00:02:51.220Z,ping dummydb,464,15bc7431d3afa7bd,unknown,,0,,
2025-01-02T00:02:52.004Z,,0,,,play.request,158,internal,app
2025-01-02T00:02:52.004Z,GET,1627,2b3ec65d53b663b0,request,,0,,
2025-01-02T00:02:52.472Z,ping dummydb,460,2a282be063550047,unknown,,0,,
2025-01-02T00:02:53.126Z,POST,837,52fd41c968d9810a,unknown,,0,,
2025-01-02T00:02:53.869Z,GET,1495,7f96f71c970c60a2,unknown,,0,,
2025-01-02T00:02:54.380Z,aggregate ivacamdb.QRTZ_triggers,1362,b36f0155bc9243d6,unknown,,0,,
2025-01-02T00:02:54.381Z,find ivacamdb.QRTZ_triggers,552,204d013867316b16,unknown,,0,,
2025-01-02T00:02:54.722Z,update ivacamdb.QRTZ_schedulers,5212,8fdf507d92a2d329,unknown,,0,,
2025-01-02T00:02:55.384Z,GET,539,cafb59e1286ccfab,unknown,,0,,
2025-01-02T00:02:56.125Z,POST,1129,8ae3b6b14582463e,unknown,,0,,
2025-01-02T00:02:56.365Z,GET,1020,27648637d55d29ce,unknown,,0,,
2025-01-02T00:02:56.396Z,update ivacamdb.QRTZ_schedulers,3116,0c6a253682f83a65,unknown,,0,,
2025-01-02T00:02:56.500Z,GET,11767,adcedba7f62e35aa,unknown,,0,,
2025-01-02T00:02:56.502Z,,0,,,GET,9159,,unknown
2025-01-02T00:02:57.178Z,POST,562,057abc6810d1e2e8,unknown,,0,,
2025-01-02T00:02:59.125Z,POST,804,ebf4319767deb549,unknown,,0,,
2025-01-02T00:02:59.597Z,GET,1145,21f92bca25906b24,unknown,,0,,
2025-01-02T00:02:59.659Z,GET,4327,b4023d065f7e13f5,unknown,,0,,
2025-01-02T00:02:59.844Z,GET /actuator/health/**,973,ea5097866643b355,unknown,,0,,
2025-01-02T00:02:59.860Z,GET /actuator/health/**,862,d63aca5d54952ff6,unknown,,0,,
2025-01-02T00:03:00.092Z,ping dummydb,527,5a468f9f6e1d1df6,unknown,,0,,
2025-01-02T00:03:00.734Z,find ivacamdb.QRTZ_triggers,900,77164ff34e62dc89,unknown,,0,,
2025-01-02T00:03:00.770Z,GET,7878,969a7f9df6a4a75f,unknown,,0,,
2025-01-02T00:03:00.808Z,GET,7721,d122ac3414585d39,unknown,,0,,
2025-01-02T00:03:01.219Z,ping dummydb,480,2cb26ec2ad4e3455,unknown,,0,,
2025-01-02T00:03:01.293Z,GET /actuator/health/**,1337,4e1d424c57b98150,unknown,,0,,
2025-01-02T00:03:01.294Z,GET /actuator/health/**,917,99a8486e32cc1eae,unknown,,0,,
2025-01-02T00:03:02.003Z,GET,1967,81a3c90ea50cc502,request,,0,,
2025-01-02T00:03:02.003Z,,0,,,play.request,189,internal,app
2025-01-02T00:03:02.125Z,POST,989,64e52d5b28f6a6b8,unknown,,0,,
2025-01-02T00:03:02.472Z,ping dummydb,502,5b8b99c50d7bddb7,unknown,,0,,
2025-01-02T00:03:02.891Z,GET,3026,9750d850474d98b9,unknown,,0,,
2025-01-02T00:03:03.058Z,GET,3246,522986b3d7cd2247,unknown,,0,,
2025-01-02T00:03:03.869Z,GET,1504,648574f0049b9bbd,unknown,,0,,
2025-01-02T00:03:04.404Z,GET,10001006,65ac2fba2d53b8a1,unknown,,0,,
2025-01-02T00:03:04.721Z,update ivacamdb.QRTZ_schedulers,7688,3809cb702dd3a128,unknown,,0,,
2025-01-02T00:03:04.731Z,GET,10921,838621b79956d214,unknown,,0,,
2025-01-02T00:03:05.125Z,POST,771,a1cf43647ff40237,unknown,,0,,
2025-01-02T00:03:05.384Z,GET,614,51492060910bc8f7,unknown,,0,,
2025-01-02T00:03:06.396Z,update ivacamdb.QRTZ_schedulers,3091,565c8cf143751c9d,unknown,,0,,
2025-01-02T00:03:08.125Z,POST,798,32cb3df66034b708,unknown,,0,,
2025-01-02T00:03:09.597Z,GET,1142,f96ac352701d8998,unknown,,0,,
2025-01-02T00:03:09.895Z,POST,1322,19b90e9c94f6441b,unknown,,0,,
2025-01-02T00:03:10.092Z,ping dummydb,614,36b41561925c5471,unknown,,0,,
2025-01-02T00:03:11.125Z,POST,841,c6cb02ee1b8a89a1,unknown,,0,,
2025-01-02T00:03:11.219Z,ping dummydb,540,563ebe0abbd02cd9,unknown,,0,,
2025-01-02T00:03:12.004Z,GET,3431,456326ac1b10d7c3,request,,0,,
2025-01-02T00:03:12.005Z,,0,,,play.request,318,internal,app
2025-01-02T00:03:12.472Z,ping dummydb,425,5e57e07359387e3d,unknown,,0,,
2025-01-02T00:03:12.640Z,GET,2657,c23f8612a9b298f0,unknown,,0,,
2025-01-02T00:03:13.869Z,GET,1420,ac33ad33fd127fcc,unknown,,0,,
2025-01-02T00:03:14.125Z,POST,888,32d4e3e5d9d38081,unknown,,0,,
2025-01-02T00:03:14.721Z,update ivacamdb.QRTZ_schedulers,5434,6275ea4370c9327c,unknown,,0,,
2025-01-02T00:03:15.384Z,GET,493,5b4aa851429959ce,unknown,,0,,
2025-01-02T00:03:15.770Z,update ivacamdb.QRTZ_schedulers,8272,ea015d4a885660ea,unknown,,0,,
2025-01-02T00:03:16.332Z,GET,4243,8d9200f7eeb2a01a,unknown,,0,,
2025-01-02T00:03:16.349Z,aggregate ivacamdb.Iva_Scheduler_Quartz_triggers,554,a8fa91482aae4a4d,unknown,,0,,
2025-01-02T00:03:16.349Z,find ivacamdb.Iva_Scheduler_Quartz_triggers,349,481becbba27f9fa4,unknown,,0,,
2025-01-02T00:03:16.396Z,update ivacamdb.QRTZ_schedulers,3614,33557b039fbe4892,unknown,,0,,
2025-01-02T00:03:16.512Z,GET,4730,5eadc1326eefca6e,unknown,,0,,
2025-01-02T00:03:17.125Z,POST,705,1b06337b7faa4636,unknown,,0,,
2025-01-02T00:03:18.587Z,aggregate ivacamdb.QRTZ_triggers,1238,1eecfbf649932050,unknown,,0,,
2025-01-02T00:03:18.589Z,find ivacamdb.QRTZ_triggers,513,71efd756192ca61b,unknown,,0,,
2025-01-02T00:03:19.597Z,GET,1017,237827055f34696e,unknown,,0,,
2025-01-02T00:03:19.847Z,GET /actuator/health/**,924,de9fdeffcd8d6770,unknown,,0,,
2025-01-02T00:03:19.860Z,GET /actuator/health/**,1126,6df4cc1516c228e3,unknown,,0,,
2025-01-02T00:03:20.092Z,ping dummydb,578,dee97a1a6173440a,unknown,,0,,
2025-01-02T00:03:20.125Z,POST,724,e5210edcd589740e,unknown,,0,,
2025-01-02T00:03:20.801Z,CONNECT,5001377,8a7290bed5cd5ea4,unknown,,0,,
2025-01-02T00:03:20.893Z,GET,6432,06105f8373d711d5,unknown,,0,,
2025-01-02T00:03:21.219Z,ping dummydb,493,7f21f38d4f0a24c4,unknown,,0,,
2025-01-02T00:03:21.293Z,GET /actuator/health/**,1135,1e44ca0ee64af2c2,unknown,,0,,
2025-01-02T00:03:21.294Z,GET /actuator/health/**,784,6e7d9cfeaf04e592,unknown,,0,,
2025-01-02T00:03:22.004Z,,0,,,play.request,170,internal,app
2025-01-02T00:03:22.004Z,GET,1822,32597feecf4dda74,request,,0,,
2025-01-02T00:03:22.197Z,https://vcloudapi.innoway.vn/api/vhome/camera/forward,1171374,bb46a61950913cfe,request,,0,,
2025-01-02T00:03:22.332Z,,0,,,POST,1029456,,unknown
2025-01-02T00:03:22.472Z,ping dummydb,483,8ac9199417598a7a,unknown,,0,,
2025-01-02T00:03:23.125Z,POST,873,f113d04ec29cbca3,unknown,,0,,
2025-01-02T00:03:23.870Z,GET,1452,1c809fef2762fd67,unknown,,0,,
2025-01-02T00:03:24.681Z,CONNECT,5005694,02b790f8bef3e60d,unknown,,0,,
2025-01-02T00:03:24.721Z,update ivacamdb.QRTZ_schedulers,6576,1cabfd9b502ef4b5,unknown,,0,,
2025-01-02T00:03:25.045Z,find ivacamdb.QRTZ_triggers,956,9d0f84506d961b9f,unknown,,0,,
2025-01-02T00:03:25.385Z,GET,567,08dc73b6ad24c383,unknown,,0,,
2025-01-02T00:03:26.125Z,POST,1013,6876008038b4e60a,unknown,,0,,
2025-01-02T00:03:26.223Z,CONNECT,5002486,85ed43487cd32c2b,unknown,,0,,
2025-01-02T00:03:26.396Z,update ivacamdb.QRTZ_schedulers,3895,2f2f608891283014,unknown,,0,,
2025-01-02T00:03:29.125Z,POST,865,b8a8bcd2404534a7,unknown,,0,,
2025-01-02T00:03:29.219Z,GET,10000285,cd4a75bb653a9af5,unknown,,0,,
2025-01-02T00:03:29.374Z,POST,1108,f678cc5c439f2852,unknown,,0,,
2025-01-02T00:03:29.597Z,GET,1003,d6f86434196474ae,unknown,,0,,
2025-01-02T00:03:30.092Z,ping dummydb,474,a0e9b514a6d644b3,unknown,,0,,
2025-01-02T00:03:30.179Z,POST,499,a351c6e84d9ee317,unknown,,0,,
2025-01-02T00:03:31.219Z,ping dummydb,483,858c8a1eb5c95b6b,unknown,,0,,
2025-01-02T00:03:31.272Z,CONNECT,5003780,6ff11596cac77612,unknown,,0,,
2025-01-02T00:03:32.003Z,GET,1908,b662bf53b64040bf,request,,0,,
2025-01-02T00:03:32.003Z,,0,,,play.request,182,internal,app
2025-01-02T00:03:32.125Z,POST,639,f1ff2e222283d728,unknown,,0,,
2025-01-02T00:03:32.472Z,ping dummydb,497,daea1c1e72140979,unknown,,0,,
2025-01-02T00:03:33.870Z,GET,1466,1a4bfde3f9171607,unknown,,0,,
2025-01-02T00:03:34.721Z,update ivacamdb.QRTZ_schedulers,5433,a0b86ab28adfa889,unknown,,0,,
2025-01-02T00:03:35.125Z,POST,840,789e3ad4f6d5d921,unknown,,0,,
2025-01-02T00:03:35.384Z,GET,381,6649333ff43e9928,unknown,,0,,
2025-01-02T00:03:36.396Z,update ivacamdb.QRTZ_schedulers,3104,5c34f3c74b2ab9d9,unknown,,0,,
2025-01-02T00:03:38.125Z,POST,847,5a681bd8c786c0e0,unknown,,0,,
2025-01-02T00:03:39.598Z,GET,969,a6a8fe814cc7a888,unknown,,0,,
2025-01-02T00:03:39.854Z,GET /actuator/health/**,963,a793b95ce3a7751a,unknown,,0,,
2025-01-02T00:03:39.866Z,GET /actuator/health/**,820,400c563306bcd172,unknown,,0,,
2025-01-02T00:03:40.092Z,ping dummydb,573,a9f301b97617a095,unknown,,0,,
2025-01-02T00:03:41.126Z,POST,996,c3ee1e37aa2ee740,unknown,,0,,
2025-01-02T00:03:41.219Z,ping dummydb,430,eabdf845bd83daa1,unknown,,0,,
2025-01-02T00:03:41.280Z,GET /actuator/health/**,1273,5f5372c30e72ecb2,unknown,,0,,
2025-01-02T00:03:41.281Z,GET /actuator/health/**,1080,5356ec4e7c227b37,unknown,,0,,
2025-01-02T00:03:42.005Z,GET,6795,dc54b544012aafc9,request,,0,,
2025-01-02T00:03:42.006Z,,0,,,play.request,556,internal,app
2025-01-02T00:03:42.472Z,ping dummydb,420,05ccaa7b36c2f8c0,unknown,,0,,
2025-01-02T00:03:43.636Z,aggregate ivacamdb.QRTZ_triggers,1251,f86300560aa6a447,unknown,,0,,
2025-01-02T00:03:43.638Z,find ivacamdb.QRTZ_triggers,676,194e2765f3d9a073,unknown,,0,,
2025-01-02T00:03:43.869Z,GET,1109,7dccb0a32968e1db,unknown,,0,,
2025-01-02T00:03:44.125Z,POST,938,73272d9a837bc07b,unknown,,0,,
2025-01-02T00:03:44.264Z,POST,1597,98ddc5c156fce0ed,unknown,,0,,
2025-01-02T00:03:44.721Z,update ivacamdb.QRTZ_schedulers,5779,ecf1784b7f1ce55a,unknown,,0,,
2025-01-02T00:03:45.384Z,GET,433,4ff898772ed9c5e7,unknown,,0,,
2025-01-02T00:03:46.396Z,update ivacamdb.QRTZ_schedulers,4139,0fe24a8316a66762,unknown,,0,,
2025-01-02T00:03:47.125Z,POST,877,dea52a512c093ff2,unknown,,0,,
2025-01-02T00:03:49.593Z,find ivacamdb.QRTZ_triggers,1092,3ce6d5b54d944e26,unknown,,0,,
2025-01-02T00:03:49.598Z,GET,1053,8fa7f88f07cd3d34,unknown,,0,,
2025-01-02T00:03:50.092Z,ping dummydb,580,e0387429015a21ec,unknown,,0,,
2025-01-02T00:03:50.126Z,POST,694,b871fe5990ed9803,unknown,,0,,
2025-01-02T00:03:51.220Z,ping dummydb,516,ddecccfb4af810bc,unknown,,0,,
2025-01-02T00:03:52.003Z,,0,,,play.request,169,internal,app
2025-01-02T00:03:52.003Z,GET,1958,648ba9f99337daa3,request,,0,,
2025-01-02T00:03:52.472Z,ping dummydb,500,899d3e21ddfaeb75,unknown,,0,,
2025-01-02T00:03:53.126Z,POST,1101,cbaca1adf65756fd,unknown,,0,,
2025-01-02T00:03:53.869Z,GET,1403,554600171167f803,unknown,,0,,
2025-01-02T00:03:54.404Z,GET,10000141,322a0d7b3423d713,unknown,,0,,
2025-01-02T00:03:54.722Z,update ivacamdb.QRTZ_schedulers,5411,cced99a766cdff81,unknown,,0,,
2025-01-02T00:03:55.384Z,GET,570,8b7c4db10af508e7,unknown,,0,,
2025-01-02T00:03:56.125Z,POST,1059,d5eb73a9ad5d85c5,unknown,,0,,
2025-01-02T00:03:56.396Z,update ivacamdb.QRTZ_schedulers,3175,179580ab61bac33e,unknown,,0,,
2025-01-02T00:03:59.125Z,POST,824,861579bf77e15263,unknown,,0,,
2025-01-02T00:03:59.597Z,GET,960,698dd74d105b159c,unknown,,0,,
2025-01-02T00:03:59.842Z,GET /actuator/health/**,916,ed6037fdbd2a73b8,unknown,,0,,
2025-01-02T00:03:59.855Z,GET /actuator/health/**,1005,e86d0bc442a9fca3,unknown,,0,,
2025-01-02T00:04:00.093Z,ping dummydb,583,21b9d44251b5f87b,unknown,,0,,
2025-01-02T00:04:01.220Z,ping dummydb,505,75f7f125c6093186,unknown,,0,,
